{"assets/.DS_Store":["assets/.DS_Store"],"assets/LeadingIcon.png":["assets/LeadingIcon.png"],"assets/Splash.json":["assets/Splash.json"],"assets/img.png":["assets/img.png"],"assets/leading-icon.png":["assets/leading-icon.png"],"assets/location-icon.png":["assets/location-icon.png"],"assets/oru-login.png":["assets/oru-login.png"],"assets/oru-rest.svg":["assets/oru-rest.svg"],"assets/splash_black-bg.gif":["assets/splash_black-bg.gif"],"assets/splash_transparent-bg.gif":["assets/splash_transparent-bg.gif"],"packages/cupertino_icons/assets/CupertinoIcons.ttf":["packages/cupertino_icons/assets/CupertinoIcons.ttf"],"packages/fluttertoast/assets/toastify.css":["packages/fluttertoast/assets/toastify.css"],"packages/fluttertoast/assets/toastify.js":["packages/fluttertoast/assets/toastify.js"]}